id,label,tweet
1,0, @user when a father is dysfunctional and is so selfish he drags his kids into his dysfunction.   #run
2,0,@user @user thanks for #lyft credit i can't use cause they don't offer wheelchair vans in pdx.    #disapointed #getthanked
3,0,  bihday your majesty
4,0,#model   i love u take with u all the time in urð±!!! ððððð¦ð¦ð¦  
5,0, factsguide: society now    #motivation
6,0,[2/2] huge fan fare and big talking before they leave. chaos and pay disputes when they get there. #allshowandnogo  
7,0, @user camping tomorrow @user @user @user @user @user @user @user dannyâ¦
8,0,the next school year is the year for exams.ð¯ can't think about that ð­ #school #exams   #hate #imagine #actorslife #revolutionschool #girl
9,0,we won!!! love the land!!! #allin #cavs #champions #cleveland #clevelandcavaliers  â¦ 
10,0, @user @user welcome here !  i'm   it's so #gr8 ! 
11,0, â #ireland consumer price index (mom) climbed from previous 0.2% to 0.5% in may   #blog #silver #gold #forex
12,0,we are so selfish. #orlando #standwithorlando #pulseshooting #orlandoshooting #biggerproblems #selfish #heabreaking   #values #love #
13,0,i get to see my daddy today!!   #80days #gettingfed
14,1,@user #cnn calls #michigan middle school 'build the wall' chant '' #tcot  
15,1,no comment!  in #australia   #opkillingbay #seashepherd #helpcovedolphins #thecove  #helpcovedolphins
16,0,ouch...junior is angryð#got7 #junior #yugyoem   #omg 
17,0,i am thankful for having a paner. #thankful #positive     
18,1,retweet if you agree! 
19,0,its #friday! ð smiles all around via ig user: @user #cookies make people   
20,0,"as we all know, essential oils are not made of chemicals. "
21,0,#euro2016 people blaming ha for conceded goal was it fat rooney who gave away free kick knowing bale can hit them from there.  
22,0,sad little dude..   #badday #coneofshame #cats #pissed #funny #laughs 
23,0,product of the day: happy man #wine tool  who's   it's the #weekend? time to open up &amp; drink up!
24,1,@user @user lumpy says i am a . prove it lumpy.
25,0, @user #tgif   #ff to my #gamedev #indiedev #indiegamedev #squad! @user @user @user @user @user
26,0,beautiful sign by vendor 80 for $45.00!! #upsideofflorida #shopalyssas   #love 
27,0, @user all #smiles when #media is   !! ðð #pressconference in #antalya #turkey ! sunday #throwback  love! ððâ¤ï¸ 
28,0,we had a great panel on the mediatization of the public service   #ica16
29,0,happy father's day @user ðððð  
30,0,50 people went to nightclub to have a good night and 1 man's actions means those people are lost to their families forever #rip#orlando
31,0,i have never had a chance to vote for a presidential candidate i was excited about and this cycle looks to be no different.  
32,0,  #alohafriday #time does #not #exist #positivevibes #hawaiian @user @user @user @user 
33,0," @user rip to the fellow nohern ireland fan who sadley passed away tonight!.. gawa, forever singing and cheering on fire  "
34,0,it was a hard monday due to cloudy weather. disabling oxygen production for today. #goodnight #badmonday  
35,1,it's unbelievable that in the 21st century we'd need something like this. again. #neverump  #xenophobia 
36,0,#taylorswift1989   bull up: you will dominate your bull and you will direct it whatever you want it to do. w 
37,0,morning~~ #travelingram #dalat   #ripinkylife 
38,0,@user once more only one word tells it all: #photoshop.  #enoughisenough #dontphotoshopeverything #wheresallthenaturalphotos  
39,0,"oh, #cedarpoint. waited 2 hours in the valravn line and it stopped working. we were so close.  "
40,0,i am thankful for sunshine. #thankful #positive     
41,0,when you finally finish a book you've been working on for awhile...  #bookworm #ontothenextnovel 
42,0,"yup, being a knicks fan is hard, so its easier to just be an nba fan when the playoffs roll around ð "
43,0,there is life after social networking. embrace each day. be   
44,0,my mom shares the same bihday as @user   bihday snake! see you this weekend ðð¼
45,0,lovely echeveria blooms#flowers #grow #gardening #iphonesia #bliss #blooms #basilicabotanica   
46,0,i am amazing. #i_am #positive #affirmation     
47,0,#model   i love u take with u all the time in urð±!!! ððððð¦ð¦ð¦  
48,0,#whenever im   and #something goes #wrong  |  
49,0,feeling blue #illustration   
50,0,the best pa about life is knowing who you are! ðâï¸ð¼ð»  â¦ 
51,0,#abc2020 getting ready 2 remove the victums frm #pulseclub #prayfororlando  
52,0,for her #bihday we got her a #nose #job @user  ðð¶ððð    #bihday #petunia we love you ð 
53,0,off to concelebrate at the #albanpilgrimage for the first time.   @user
54,0, @user let the scum-baggery begin..... 
55,0,"thank you! ðð super love it! â¤ï¸ zpamdelacruz   #wedding# @ dolores, capas tarlac. "
56,0,a scourge on those playing baroque pieces on piano    beyond belief 
57,1,@user lets fight against  #love #peace 
58,0," happy fatherâs day, mr. rayos #video   #fathers #day #rayos #world #hotvideo #videos"
59,0, @user ascot times with this babe â¤ï¸â¤ï¸ #ascot #fashion #monochrome #style   #instahappyday 
60,0,the weekend..is here!!ððððð #selfie   #yolo #xoxo #like4like 
61,0,happy at work conference: right' mindset leads to culture-of-development organizations    #work #mindset
62,0,christina grimmie's  last performance before being shot...  via @user #christinarip #voice #christinagrimmie  
63,0,we are ready to dance #roar #preschoolers   #students #proudâ¦ 
64,0,you've really hu my feelings :(  
65,0,@user my wife whom i adore had to miss your poland show because she had surgery. her name is bridget &amp; she's my everything.  
66,0,@user i am so jealous of you right now.... #chatiado  
67,0,i celebrate every man that has played it's fatherly role.   father's day#
68,0,i'm sure they are just as happy.... ðð½ðð½ðð½   hour  
69,1,ð©the white establishment can't have blk folx running around loving themselves and promoting our greatness  
70,0,good morning! the journey begins! ððð»ð³   #travel #yeah #thejourneybegins #helloâ¦ 
71,0, @user # if you #luv #hottweets like this from â¶ â¥#venusexchangeâ¥ 
72,0,our new brochures have arrived! how exciting!! #aworks #solutions   
73,0,so much stuff happening in florida! first #orlando shooting and now #disneygatorattack on a two year old kidð¥ð  
74,0,"@user ferrari will do itðªð¼ for the sake of the championship. this gp is clearly a turning point rb, ferrari,mercs...ð  "
75,0,aced my first test!   #proud 
76,0,"  seeks probe into #udtapunjab' leak, points finger at #amarinder, #aap  "
77,0,@user wrapping up #senseaboutmaths @user 6th   @user @user @user 
78,1,"@user hey, white people: you can call people 'white' by @user  #race  #identity #medâ¦"
79,0,@user @user you might be. just have not shown here today. regurgitated talking points and name calling?  
80,0,sometimes you have to raise a few brows to raise the bar. #golfstrengthandconditioning   #strong #felixfoisgolf
81,0,  about that ððð #greathonour #careerconvos @user @user 
82,0, @user designing #innovative learning space @user to include #wateringhole #cave #mountaintop #campfire @user   hâ¦
83,1,how the #altright uses  &amp; insecurity to lure men into #whitesupremacy    
84,0,carrying a gun wouldn't of helped if you can't take it in with you. gun control won't stop the black market! terrorism will get worse!  
85,0,use the power of your mind to #heal your body!! -     #altwaystoheal #healthy   #peace! 
86,0,woohoo!! just over 5 weeks to go!   
87,0,being in a far away place where you have no family members hus  
88,0,"ready to rehearse tonight with new music and new videos, look out for the announcement! #midweek #newmusic #watchthisspace #guitar  "
89,0,now on monday nights at 8pm on #up channel!!!! i finally get to see what all the fuss is about!!!   
90,0,watching the new episodes of @user on @user  
91,0, @user offline now after a very nice and long night.. ð #snapchat @user   #redhead #vermillionred 
92,0, 15 things incredibly   #people do 
93,0,yes! received my acceptance letter for my masters so will be back at @user again in october!    #goodtimes #history
94,0,"daughter riding her bike around driveway, son playing his guitar for us while we enjoy ðº by the campfire... #summeime   #memories"
95,0,omg!!! loving this station!!! way to jam out at work!!! while getting work done of course!!!!   #memories @user 
96,0,"@user i'll always hope that one day i'll get to hug you, but i don't think that it's gonna happen anytime soon... "
97,0,#model   i love u take with u all the time in urð±!!! ððððð¦ð¦ð¦  
98,0,  couple having sex fat naked japanese girls  
99,0,"#hump on that    #hump day #humpersð© @ edwardsville, pennsylvania "
100,0,personalised we... gbp 7.99 get here:  #shop #cool   #home #fun 
101,0,there are some truly sick ppl out there.   
102,0,"trump calling on obama to resign over the orlando shootings? the boy has a point. 8 years and all he did was ""talk"" about change.  "
103,0,@user @user @user @user not long now!!!   #nashvilletour2016 #nashvilleforever ððð 
104,0," â #eur/usd clears 1.1400 barrier, jumps to fresh 4-week high   #blog #silver #gold #forex"
105,0,going to la tomorrow!!!  
106,0,i am thankful for good friends. #thankful #positive     
107,0,i still can not wrap my head around the fact that #christinagrimmie is gone. and the fact that a man destroyed #prayfororlando just  
108,0,just received dis from @user can't wait to sta baking #eyelids .ðððððð   ðððâ¦ 
109,0,we were so   to be playing for #vigilfororlando #harp #clonakilty #rip  via @user
110,0, @user yes yes yes   #ihavenofriends #someonecomewithme 
111,0,sunday...ð #weekend #relax #icon #woman #sundaymorning #sunday   #marilynmonroe 
112,1,@user i'm not interested in a #linguistics that doesn't address #race &amp; . racism is about #power. #raciolinguistics bringsâ¦
113,0,"one of my beloved long lost cds, now recovered thanks to apple music.  !  "
114,0,#marvel #song #musica #weed #ripchristina #adele   #dance (vine by @user 
115,1,@user why not @user mocked obama for being black.  @user @user @user @user #brexit
116,0, â #under the spell of brexit referendum - commerzbank   #blog #silver #gold #forex
117,0,100 amazing health benefits of cucumbers!    #healthy is  !!  #altwaystoheal! 
118,0,#model   i love u take with u all the time in urð±!!! ððððð¦ð¦ð¦  
119,0,off to work ðªð»ð¶ð¼ #ofw #pinoy #followme #igers #instagood #smile   #love # 
120,0,#toradora #anime #animeedit i made it.   #breakups #alone #lonely 
121,0,"50 laps of pool, 10k ride done and picked up a gym membership form  "
122,0,"#cotd   polar bear climb racing: angry polar bear climb racing, the polar bear living in cold places looking "
123,0, @user @user gets him angry.  a muslim assassinating 50 not so much.    
124,0,happy snappy ðð¼ waiting for the football   #football #snapchat 
125,0,friday i miss you!!   #fringes#qcbags#summer ððððððó¾®ð» 
126,0,#nochebuena   #lasvegas #usa @ las vegas strip 
127,0,ma fleurette ð¯ð #instaboy#instaman#sefie#septum#friend #smiles#blackandwhite 
128,0,sad in the branches itâs just rainy day writing tears are flying birds   #haiku #3lines #micropoetry  
129,0,yeah! new buttons in the mail for me ð  they are so pretty! :) #jewelrymaking #buttons   
130,0, @user driver hit female moose on river rd #weston.  moose was killed. driver is ok. crews removing animal now  
131,0,afterpas.   made in japan. ï¼madeinjapan  #eos  ï¼cute #fun #cawaii #love   #strawberry #tomato 
132,1,#people aren't protesting #trump because a #republican won-they do so because trump has fuhered  &amp;â¦ 
133,0,i need to find a way to spend my time so you are not always on my mind. . .  #me #boy #guy  â¦ 
134,0,[1466047260.15] update @  #social #analytics   #photooftheday #igers #likes 
135,0,anyone know the date our #doj and #fbi became corrupted? #emailgate #hillary2016 #shameful #disgraceful #ridiculous  
136,0,#stupidity makes me more   than even #negligence.why put #sachintendulkar a installation if u were going to take it off?
137,0,ððððâ¨â­ï¸  #ãããã   bihdayð #21thbihday ð #bestfriend ð #loveð¼ 
138,0, @user ð d most impoant thing is to #enjoy your life - to be   - itâs all that matters. life is too sho. #pooh4u 
139,0,happy bihday chris evansððððððð a great actor and human ððð³ðð»ð¸ððð #chrisevans   #bihdayâ¦ 
140,0,"our heas, thoughts, prayers go out to the more than 50 people who were murdered @ a gay nightclub in #florida   "
141,0, @user demoing guitars for new album #newalbum #indie #guitars   #echobelly 
142,0,retweeted lion pro (@user  #tgif #webmareting #seo #community #management   #weekend... 
143,0, â #nzd/usd: targets the 100 week sma at 0.7190   #blog #silver #gold #forex
144,0," @user i've had pretty bad bihday weeks before, but so far this is the worst ever. ð #bihdayweeksucks #bithday27   #tâ¦"
145,0,so blessed to have worked with sa's best leading ladiesðð 
146,0,happiest place on eah ð« #disneysmagickingdom #disney #magickingdom #disneyland   #orlandoâ¦ 
147,0,is kinda   to be among humans again.
148,0,just found out @user is at @user after i'd been exclaiming to @user how gr8 blain's hair was the other nite.   ð­
149,0,@user &lt;3 listen to my most beautiful best friend  @user  singing with her most amazing voice &lt;3 &lt;3 &lt;3 &lt;3 17 
150,0,be   n #healthy freedom from effo in the present merely means that there has been effo stored up in the past. â theodore rooseveltâ¦
151,0,when you know yall 2 aint going know where :) #love #commitment #trust #faithful  
152,1,yes it's  when you call #michelleobama a gorilla because racists have long thought of black people as no betâ¦ 
153,0,#newarkfestival this is us all this year waiting for the show to sta our 3rd year running   
154,0,when the internet is broken so you can't watch netflix. #mochithepug #puglife   
155,0,@user @user @user and she will do just that....then what..business as usual.  
156,0,"hbd to this dick suckin tequila lovin slut, i wouldnt want u any other way ðð   #justalillate #butstillontime "
157,1,"as the smaller hands show, barry probably lied about  being why his #knicks game sucked more than his #golfâ¦ "
158,0,good morning friday! what is everyone doing this weekend? #goodmorning #friday #girls   #love #florida 
159,0,"  challenges #aap's claim that 70% #punjabis are #drugaddicts, dares it to prove   "
160,0,#tracerequest sending my deepest condolences to the orlando gay families. zimbabwe gay community has you at hea   #touched
161,0,new selfie \Â¤.Â¤/  #guy   #mato #chapones 
162,0,saturday afternoon chi meet up #friends    @user  @user  @user 
163,0,#model   i love u take with u all the time in urð±!!! ððððð¦ð¦ð¦  
164,0,soed out all my nut &amp; bolts.   #bloke
165,0,aww yeah it's all good bing bong bing bong   
166,0,just dawned on me in 2 months i will be seeing @user live. i am so excited ððð #vfest #summer  
167,0, @user happy 35th bihday shane robe watson!!    #bihday #shane #watson #australia #cricker 
168,1,"@user @user you point one finger @user millions are pointed right back at you,  #jewishsupremacist"
169,0,"sad to hear the announcers say that ""it may have moved the player to one or two out of the lead"" #whoknows!  "
170,0,#radio1 i'm going to #coldplay tonight   oh yes.
171,0,u think like this too? the god who is not coming through for me. the god who is not keeping me  . 
172,0,@user terrorist = constitutional rights?  this is just another excuse by republicans to appease the nra with no gun control measures. !
173,0, @user it's all about @user   #gloucesterrugby 
174,0," @user very sad, @user what happened? "
175,0,everyone is everything   #sad #together #alone #up #down #fine #dandy #lonely #exuberant #depressed #halffull #halfempty
176,0,"#mikeashley #sposdirectshame , perhapse a good example of the need to protect #workersrights from within europe. #euref   #remain"
177,0,angry birds stella bad princess   #birds #stella #bad #princess birdsstellabadprincess.  time post: wedâ¦ 
178,0,"check  @user incredibly   to have made great  memories with great people , we did an ..."
179,0,"saw a t shi last night that said ""rip  to when i cared""   #really"
180,0," @user hilarious, @user i'm already blocked by @user for asking one, not paicularly difficult, question.   @user"
181,0,devastating news.  my hea goes out to the victims and their families.  #orlando #heabreaking   
182,0,"""happiness is not a state to arrive at, but a manner of traveling."" margaret lee #runbeck   #happiness #quotes #inspirational"
183,0,safe ways to heal your #acne!!    #altwaystoheal #healthy   #healing!! 
184,0,what i am creating right now. #beats #makingbeats #thursday   #work #istandard #akaiproâ¦ 
185,0,wedding number 10! ðððððð¾ð¾  #wedding #weddingpay     #love #forever #weddingdressâ¦ 
186,0,we're looking forward to attending the  cipd ireland conference &amp; workshop   #cpd #onemoreday @user  @user
187,0,finally reached 200 followers on #twitch. follower hypu #stream tomorrow! â¤  
188,0,"words r free, it's how u use em that can cost you! #verbal #abuse   #hu #love  #adult #teen @user "
189,0,"after what our country went through this last year to see people bring a ""bomb"" to the stadium &amp; come here for everything but football  "
190,0,i am thankful for cats. #thankful #positive      
191,0,time to eat with my bae swalscha ðâ¨ð #dejeuner #lunch   #happiness #love #amoureuxâ¦ 
192,0,ilovethesecret  #lawofattraction  #quiz #love #happiness #motivation #success   #joy #lifeâ¦ 
193,1,you might be a libtard if... #libtard  #sjw #liberal #politics 
194,0,it's about to go down... #pole #bgp #rozthediva #blackgirlspole #bodyandpole #live #love  â¦ 
195,0,#argentina2015   attack bull game 3d: do you really think that his head was empty around the city. each side 
196,0,what a self-serving hypocrite! always keep your eye on the bouncing ball with this nimrod president.   
197,0,#nohcarolina   bull up: you will dominate your bull and you will direct it whatever you want it to do. whe 
198,0,"#building   polar bear climb racing: angry polar bear climb racing, the polar bear living in cold places loo "
199,0,@user @user if they want reelection money. #ksleg  
200,0,my hea is with #orlando right now. i truly cannot imagine. could have easily happened anywhere. :(  
201,0,alreemgroup #aly_alshahawy #ad #cute #summer #photographerdubai #sun   #hair #mydubaiâ¦ 
202,0,it seems like the only place with action here is montreal :(   
203,0," @user that, and you are old and washed up! "
204,0,i am spirited. #i_am #positive #affirmation     
205,0,i am thankful for enteainment. #thankful #positive     
206,0,@user @user @user this shows truly how bad brisbane are  
207,0,@user can't wait for #wimbledon2016  
208,0,happy man!!!  #success #model #entrepreneur  #speaker #ff #fresh #confident    #fashionâ¦ 
209,0,"#gala moments ...   #day #kid #bipolar #frikiegirl2016 @ the lucky chinatown mall, binondo,â¦ "
210,0,this really takes the piss. i'm so angry. just goes to show who is valued and who isn't. you complete and utter moron.  
211,1,@user take out the #trash america...  - i voted against #hate - i voted against  - i voted against  - i votâ¦ 
212,0,  fathers day to all the #amazing #dads out there that give up so much for their families! #enjoy your... 
213,0,does #magnettherapy really work?   #altwaystoheal #healing #healthy   !! 
214,0,sebbo has said it all!  @user 
215,0,ðððâ¤ï¸ egãï¼ï¼ï¼ smile!!!!!â¤ï¸ð£ð¤ð½ ã» #smile#egsmile #torio  
216,0,@user brilliant service at your kettering branch today   customer
217,0,"@user will be here for a screening. i will miss it. so i will sing all the songs from potp and shock treatment, because i can.  "
218,0,on the way toraya #bus #alamindah #white #music #carrieunderwood   
219,0,#model   i love u take with u all the time in urð±!!! ððððð¦ð¦ð¦  
220,0,good day - 6 new beers at bridpo food &amp; beer fest. back at the campsite drunk the @user starstruck &amp; moved on to @user #5.  
221,0,g o a l s ð repost from @user #propey #ocean #summer   #life #family @ sydneyâ¦ 
222,0,i want to teach you love like you've never felt it before.  #quote #quotes #love #pakistan #allin216 #girls #boys #fashion   #feelings
223,0,i am thankful for now. #thankful #positive     
224,0,omg just 100 days left!! #countdown   #nolefam @user can't wait for him to come to milan! #22092016 ðð 
225,0, @user stone roses done. now time for @user in a d club.   days
226,0,"""there's a reason why two people stay together, they give each other something nobody else can."" hopelly greats day "
227,0,you never know who might have a crush on you! #wakow #buzz   #moment #ride #love #crush #dating #hookup #app 
228,0,my friend just got engaged  ð©ââ¤ï¸âðâð©
229,0,298 days lef b4 end of classez yay    #risay18 #risaypls
230,0,  #thursday ð may we watch how we say what needs to be be saidâ¦ 
231,0,i am legendary. #i_am #positive #affirmation     
232,0,"to the united states of america, from the rest of the world: i think you've proven you don't have the right to own firearms.    "
233,1,"if you hold open a door for a woman because she's a woman and not because it's a nice thing to do, that's . don't even try to deny it"
234,0,when your having a good weekend and it shows :) #thankful #blessed   // #jeffreycwilliams ðâ¦ 
235,0,when you have a good hea and help everyone you always seem to be the one who gets hu   #buttrue
236,0,the happiest baby ive ever knownð #cute #smiles   #babygirl #beautiful #niece #blessed #xo 
237,0,are you ready for #t.b.c ? #oneteamlincoln are... ð  @user @user @user @user 
238,0,can't wait for carowinds! ready to see @user  and @user  time to #rockthepark    #timetogetmyjesuson
239,0,already bought my finding dory ticket  
240,0,for every minute you are   you lose sixty seconds of #happiness - and you should do the same ðª
241,0,#sanjapan   #animeconvention see you guys in september! 
242,0,question of the day: excited for motoâsâ¦  #tech #announcements   #moto_s #question 
243,0,make today count! #mondaymotivation #livelifetothefullest   #healthy #everydaycounts 
244,0,happy morning 8degree with anna #classmate #friends   @ 92â¦ 
245,0,@user would u be able to suppo our event #brentwood #homesta they lost funding and may have to close   
246,0,we are happy little peoples ð   happyhappy people #kitten #cat #blackkittenâ¦ 
247,0,@user @user @user thank you very much for this oppounity will cherish it forever   ð¿ð¦ð» ððªð»ðð¼
248,0,ð· themeowood:   puppy 
249,0,few more days till who is  ? ð 
250,0,"""happy"" by pharrell williams    #pharrellwilliams lyrics âº"
251,0, @user happy at w.ork conference: right mindset leads to culture-of-development organizations    #workâ¦
252,0,we lost another member of our family yesterday:-( #gutted   #rosie 
253,0,yayyy.... trailer 2morrow #fever super   @user @user @user
254,0,"watch fancy tails's vine ""mad #mad   #teeth #bite #pissed #dog   #biting #dogbite #dogtreat  "
255,0,#dreamcatcher   bull up: you will dominate your bull and you will direct it whatever you want it to do. when 
256,0,i'm so ready for tomorrow ðððððð#englishteacher #teacher #ecuador   
257,0,"in memory of my wonderful dad, always missed, eternally loved. #strong   #greatquotesâ¦ "
258,0," @user @user on dallas shooting ""the video you're about to see is disturbing, so viewer discretion"" then they play it in a loop oveâ¦"
259,0,#itako#alone#it's fine.  a little. 
260,0,sunshine &amp; stickers kind of saturday ð¸ð½  #letthembelittle #childhoodunplugged   
261,0,had a wonderful day today âï¸ #calm #sunny   #chubbygirl #glasses #finnishgirl #finn 
262,0,"buka bersama tma family...   #yuhuuuuu #tmaâ¦ (w/ risha, meylucky, &amp; 3 others at mayfair townhouse) [pic] â "
263,0,he loves you more than you know.ðð #nationalbestfriendsday #true  
264,1,"@user this man ran for governor of ny, the state with the biggest african-american population    #â¦"
265,1,#stereotyping #prejudice  offer no #hope or solutions but create the same old repetitive #hate #conflictâ¦ 
266,0,who can get the pussy quicker these days   ð
267,0,i'll probably be 30 by the time @user comes back home   #ugh
268,0,#model   i love u take with u all the time in urð±!!! ððððð¦ð¦ð¦  
269,0, @user anyone playing voez? kinda in love with this game ððð #game   #gaming #girlgamer #voez 
270,1,how many#pols passed by how many times and said nothing?   #bluelivesmatter #draintheswamp  #ferguson  
271,0,sequoia is   about the #weekend! 
272,0,some bitches care more about their eyebrows then how much $$$ they makin at the end of the week  
273,0,bham is pride paradeready#beyou# #ofbham   @user @user @user 
274,0,  #fathersday to all the guys who play dad out there we #love you ð 
275,0,#æ´å®å0616çæ¥å¿«ä¹  bihday to my bogummy!!!love you forever!hope you happy everyday!good night!ð@user 
276,0,wishing all our clients had baby goats to cuddle!   
277,0,  #positivevibes #fresh love you guys. get some!!! @ concord mills mall 
278,0,the #conjuring2 get ready to be scared! tonight it's on! #readyornot #truestory   
279,0,âtoday is the day to make the change. eliminate negativity and choose to live a positive lifestyle instead.â   
280,0, @user aaahh! nabilah looks so   ð   arigatou jkt48! have a very happy daaay âºï¸ #iwearbanana  
281,0,last day at work tomorrow for me- self employed from monday #scared   #redditchbizhour
282,0,@user im half boy half man.... so im dumb too??   ð¢ð
283,0,my happy little boy! #smiles   #corbinrayp 
284,0,never been more appropriate: i have zero idea of what i'm feeling right now #scared   #missyou #whatwasthat 
285,0, @user have a magnificent monday! #mondaymorning #mondaymotivation #monday   #indraloka 
286,0,"i just dont understand y these designers print animals on fabric, just bought @user muzlin 5b #sanasafinaz   #noexchangepolicy"
287,0,"maybe 4 happy hour you can get a ""  #ending"" ó¾®ó¾µó¾­» "
288,0,#littlebear and her friend #joy   #toddlerfriends #puresweetness #latergram #toddlerfun 
289,0,if you have never lost a loved one to senseless violence you don't get a fucking opinion on the 2nd amendment   
290,0,where is the world heading? you could lose your life just for leaving your home. #orlando  
291,0,"i heard him say that, he was trying to lock the shooter in,  but kept other patrons from getting out!    "
292,0,good mood flight with @user off to munich for @user interviews!   #pharrell 
293,0,first presentation by @user in the netherlands by @user   
294,0,u made us proud i hv been reading ur words &amp;  assured it will b a assoment of petite emotions wish u the best. 
295,0,happiness vs joy. happiness is temporary and leaves u hu. joy last forever and never leaves. #real #tru   
296,0,twinklatinboys - na: #slut #snapshot #hot #nasty #naughty #sexy #horny #shy #porn #nude   #kinky #xxx #y... 
297,0, @user it is not   people who are thankful. it is thankful people who are happy.  #thankfulthursday 
298,0,i am creative. #i_am #positive #affirmation     
299,0,i have held back tears. i have cried happy tears &amp; finally we leave a week tomorrow!!! @user @user #canadianravers  
300,0,bihday pressie from my mummy and my granny #michaelkors #luckygirl   #bihday #liverpool 
301,0, @user stuck in athens instead of santorini because @user said it was to windy to land! shocking service on every level since!â¦
302,0, @user these happy folks had the very first #freakshake at the launch. #freaks   #yum #dalston @user 
303,0,"what a ""huge"" crowd for trump. "
304,0,i am thankful for saturdays. #thankful #positive     
305,0,"good god, why?!   ð³ "
306,0, @user enjoying these delicious melons! #vegan #organic #fresh #fruit #organic #healthy #healthyliving   #life 
307,0,"first months, then weeks, now it's only days till the beginning of the end of @user i am both   and #sad at the same time.ðð¢"
308,0,it's a firework!! weeheeeee~ ððððð»ðð»ðð»ððð  â¦ 
309,0,#blackpool   attack bull game 3d: do you really think that his head was empty around the city. each side is 
310,0,  #fathersday to all our the amazing fathers out there today. 
311,0,i just want to be  . is that too much to ask for? ð
312,0,@user ready and waiting! #newblood16   
313,0,i'm sad. my aunt passed away. she was 96.   #funeral
314,1,7 horribly  ads from #2016 that made us cringe 
315,0,wouldn't mind robson-kanu at s6. decent player. available on a free transfer too  
316,0, @user come on @user ...you can do better than this. please put yourself in @user 's shoes. unnecessary stress hâ¦
317,0,stalk me. watch me. i'm just a peon. poor. disabled. kill me.this #usa is not the usa i used 2b proud of &amp; the universe doesn't care.  .
318,0,#stephcurry's outburst begs the question: can christians get  ? #nbafinals 
319,0,i'm so   and #grateful now that - #affirmations 
320,0,8 more weeks to go then im san antonio bound to see @user  i cant wait to see my little brother! #missyou   #mybrotherskeeper
321,0,listen up &gt;&gt;&gt;&gt;&gt;&gt;&gt; 
322,1,"@user ""the dying of the light""  village green/townÂ²  #antisemitism #hocoschools #columbiamd #hocomd"
323,0,hahaha.. this is me last #friday   &amp; #weird 
324,0,"hey, i noticed that u are a training lover, so i ask u to check my free app, it's known as ""my training"" on apple "
325,0,sexy as fuck #directioner   #niall #nialhoranfacts #niallerwins #hot #justindrewbieber #justindb #believetou... 
326,0," @user   #father'sday! say ""i love you"" to your dad right now! #sanya #whererefreshingbegins "
327,0,"guess who back, back again! #lifeaftersurgery ðð¼#dog #dogslife #labrador #labradorretriever #lifeofsam   "
328,0,"hey superspoilt, you may want to check  for latest updates on #glastofest ð¥_ "
329,0,@user @user @user @user @user    bihday sid... god bless you.. hav a successful career
330,0,"nba finals = ambivalent , love steph and thompson, kyrie stinking it up, green is an class a doosh, lebron won't talk to guillermo  "
331,0,check out my production team's web-series episode that was edited by yours truly.   #mep #webseries 
332,0,#model   i love u take with u all the time in urð±!!! ððððð¦ð¦ð¦  
333,1,"@user you never answered me about your statement on the #nazi's over #hatred,  &amp; #bigotry being found wâ¦ "
334,0,  #juneteenth #independenceday #food4thought #rich #ancestral #heritage @ independence hall 
335,0,#river   gorilla simulator: you need to do to adapt to the environment. the need to tear the city. material 
336,0,watching the @user leadership embrace &amp; kiss donald's ass is #pathetic &amp;  . this is now the @user pay. a pay of racism &amp; hate. #ripgop
337,0,i love how i am so mature for my ageð  ð¤ð
338,0,aww yeah it's all good bing bong bing bong   
339,0, @user it's such a good feeling when this happens. #smile   #instalike #instamood #instapic 
340,0,check it  #graffiti  #dublin #ireland #music #vimeo #movie #video #europe #people #flow #fun   #rafalwojcicki
341,0,#oitnbseason4 in 2 days!!! aaahhhhh  
342,0, @user it's @user #iampossible today! #extraordinaryladyspeaks #starawards   @user @user htâ¦
343,0,sun is out! happy thursday! âï¸ð»âï¸ð»âï¸ #breakfast in the #sun   #day #sunnyday #sun #blueâ¦ 
344,0,packing sneak-peek!   to be working with the #yellowjackets of the #neshl for 2016! @user #bhl #hockey 
345,0,tony sunday! #tonyawards  
346,0,happy father's day 2016 to my dad and all of the dad's out there!!  #fathers#day  #2016 
347,0, @user theverdict is in; i'm an idiot #country #rock #bluegrass #beatles #love #pop   #romance  
348,0," â #projects of the week, june 13, 2016   #blog #silver #gold #forex"
349,0, @user #300dayshappy @user #dayseventyseven #day77  #happiness #love#lifequotes #lifeâ¦ 
350,0,my little brother has a higher tolerance of alcohol than me!   lol
351,0,wishing this guy a   #bihday !!  blaze says @user is the spitting image of aâ¦ 
352,0,i am thankful for hiking trails. #thankful #positive     
353,0,all pay meeting to tackle a movie which uncovers a problem we don't want the world to know.  
354,0, @user chill relaxing piano music to keep your pet #quiet and   during #july4th #fireworks  â¦ 
355,1,you might be a libtard if... #libtard  #sjw #liberal #politics 
356,0,"@user nothing says 'merica, like that @user tweet.   "
357,0,always be   #paratyphoid 
358,0," @user ""today i lost a #thevoice sister senselessly - we sing for love not death people."" #stopthehate #ripchristina   "
359,0,"some guys too concerned about their twitter ""brand"" to be honest with their followers.  "
360,0,i hate like 90% of my family.... i was really born into a big ass toxic bomb! mother fuckers don't give a fuck about me cuz i got money  
361,0,get #up get   get  #enjoy #music #today #free #apps #free #music 
362,0,best #lawofattraction #resources for #healing!    #altwaystoheal #healthy is  ! #idwp ! 
363,1,trump ny co-chair makes racist remarks about michelle obama  #p2 #p21 #fyi  #tcot
364,0,are you a @user fan? this should make you      
365,0,#music as #therapy as a tool for #healing!   #altwaystoheal #healthy is  !! 
366,0,how can food make a family fight mxm  
367,0,delicious sangria#salud#cheers #smile @ the pub pembroke 
368,0,have a fabulous weekend beautiful souls #nofilter   ð 
369,0,when i'm feeling #overwhelmed and   i look down and see a million reasons to be #happy again. i love you craig!! 
370,0,back to the day job for shane lowry!   
371,0,  hour right now! 2-4-1 bottles &amp; drinks from 4-7pm @user 42 w. chippewa st. #buffalo 
372,0,anas + nimra + farishta + mawia + khushal  960 + 952 + 503 + 484 + 435 = 3334   the number of marks obtained is too damn high   :p
373,0,my monday is so empty without the bachelorette ð©ð¹ð· #thebachelorette   #empty #nowine
374,0," suppoing family, god, chivalry, tradition, and pride in one's heritage is now controversial.  "
375,1,"@user the pic says otherwise for young girls confined in that kitchen. you are void of meaning, beyond cheap publicity #topoli "
376,0,#good night!  ??  #faith ever #vaitacacommafiasdv
377,0,do what you love to do simply for the love of it. #love #success   #work #businessâ¦ 
378,0,lunchtime with mom. #torrington #lunch #afterschool #instadaily #yummy   #withmom @user 
379,0, @user my sister ain't even know i was watching her argue with the nigga ððð was waiting for him too say the wrong shit  
380,0,"ride out, ride back ...done! #cycling #sunset   #ride #bikes #fitness #cardio #deseâ¦ "
381,0,well i was gonna go see adtr with bae...  
382,0, @user #tagsforlikes #me #food#friends#summer#swag#quotes #love#god#girl   #weekend #polaroid #followme #teen #win#job 
383,0,"#payintheusa   polar bear climb racing: angry polar bear climb racing, the polar bear living in cold place "
384,0,11:11   healthy fam
385,0,"dream palace, can we move in already? #stellar   #girls #dreamy #goodmorning daysâ¦ "
386,0,im waiting for a follow since the x factor   
387,0,@user but it's your fault you have to use it to pointscore. 
388,0, @user this week staed off kinda lame but it's getting better! #yay   #wednesdaywisdom
389,0, @user #forever @user   young man he luks too hot wen he is in temper i'll b alwys ur fan till my lst breathâº hâ¦
390,0,don't worry #bee   
391,0,double tap and follow me #beautiful #smooth #lifestyle #skin #instasize  #f4f #fashion  â¦ 
392,0,#lawofattraction for #healing #loa   be #healthy   #well #idwp ! 
393,0," â #oil turns flat to $50.40, eyeing eia inventory data for fuher direction   #blog #silver #gold #forex"
394,0,training in new employee's is fun. #newblood  
395,0,  #first #bihday to our #puppy #eloise #sweetbabins #dog #growingup #cute #bihdaygirl @user 
396,0," @user   - 5,000 pigs burn alive in saskatchewan barn fire (video) "
397,0, @user you'll never convince me that americans have the right to bear these.   #prayfororlando #guncontrol 
398,0,with my beautiful ladies!!! is a blessing to know them !!ó¾¬ó¾¬. #smile   #lovethemâ¦  
399,0,today baba siddique ifftar pay at mumbai. @user &amp; @user dono ayenge.   to see both again
400,0,  hands | #ombre #blue 
401,0," @user i can't wait to go see warcraft, ugh ð­ð­ð­   #warcraft"
402,0,cousins reunited...  #family#fun@user wellness 
403,0,at @user for 'an audience with duane henry ' ....should be very insightful  
404,0,my train hasn't moved so i'm binge tweeting  
405,0,have my lover stop being angry at me visit us..&gt;&gt;&gt;  #lover   #friend #astrologer #love 
406,1,@user when you're blocked by a  troll because you promise to  #blacklivesmatter &amp; let his nonsensical rants boosâ¦ 
407,0,  father's day to all the dads here and the one's that are in heaven 
408,0,#sdl326am @user   june 16 @user
409,0,how creepy awesome are these baboons climbing the fire escape like humans on @user   #summev #zoo 
410,0,use the power of your mind to #heal your body!    #altwaystoheal #healthy is  !! 
411,0,dude i'm a tiger! #roar #tiger #annaswelshzoo   #bihdaycelebrations 
412,0, @user we don't #laugh because we're happy... we're   because we laugh. - william james.  #xtra
413,0,have a happy sunday everyone! i think today is going to be a good day :) #positivevibes   #sunshine #sunday 
414,0,can we talk about the ways in which organizations dehumanize us? and how they're never held accountable?  
415,0,stuck in the rat race? find your freedom.   #masterkeyexperience 
416,0,i have to study...   #face #pizza (i stole my roommate's idea for taking this pic) 
417,0,dinner with sister!! ðâ¤ï¸ð¯ð    #sisteradventures #sister #ilovemysisterâ¦ 
418,0,who else is planning on watching @user tomorrow? ð   ð
419,0,"#usn rifle day 'snowed out', so ar-15 is closest to m-16 i ever got. @user @user @user   #navy"
420,0,euro 2016: bbc pundits make their predictions for france  #euros sta today -    
421,0, @user because i am happy! ðð #happiness #minions   
422,0,no elder scrolls for many years?!! wah wah    #bethesda #e3 #e32016
423,0, @user poor #tiggy ð¢ and a little bit cheeky #jax &amp;   ð #soa #throwbackthursday @user @user @user 
424,0,cannot wait for #eurogamer this year! #pumped   #eurogamer2016
425,0,very   to work with russell.beckwith soon #staytuned ð¸: my friend lyle!! #tapfoags ..â¦ 
426,1,why the nazis studied american race laws for inspiration â  #ushistory  #eugenics
427,0,sharing ice cream #sun #love #outdoors #picnic #summer #family #daughter #father #desse #icecream   
428,0,nothing like a river island sale shopping spree to cheer you up #retailtherapy #riverisland #shoppingqueen #alwayscheersyouup   ð¸ð¼
429,0,cleaning ze house and zoing ziy laundry. ã i'm finally free from fever and colds. â©__â©i'm happy! #cleaning #laundryday  
430,0,2 new listings are up!   #ebay     #woohoo #sell #selling #buy #shop #shopping 
431,0,i am thankful for my challenges. #thankful #positive     
432,0,chilled night in with ice cream&amp; grown up2! #chilled  
433,1,@user #biherism absolutely originated in hateful  #bigotry #altright hatred of our african american #potus #theresistance
434,0, @user * sweets ð°ð©ð¬ð­ð«â¨!!!!!! * #instagood #ìì´ë #å¶å #idola #idol #à¹à¸­à¸à¸­à¸¥ #followme #selfie   #ã©ãããâ¦ 
435,0,all these tragedies in america first with the killing of #christinagrimmie and now #orlando #america is not a safe place to be today!  
436,0, â #brexit angst a factor helping drive down interest rates in germany and japan - bbh   #blog #silver #gold #â¦
437,0,fab &amp; interesting day at #eacbpm. now dash to a quiet place to dial into iiba emea region meeting #busy   :)
438,0,"kayak, sup, snorkel, swim...whatever your pleasure, we'll put it together!  #alohabeachbus   #hawaii #explore "
439,0,u can hold a man down for years ...and watch him change on u over some hear say..    no loyalty.. no... 
440,0,we'll back going to tacloban now! see ya later!ó¾µâ¤   #great â traveling to tacloban city from catbalogan 
441,0,@user how do you feel about that? you haven't won any olympics medal  
442,0,angry birds il film download ita â 720p hdtc (2016)    #birds #download #film #il #ita
443,0,  #sunday to you all ð #photo by @user  #model #urbex #topless #tits #mono #retweet # #sexy #heels #ace 
444,1,fo woh officer in viral arrest video was ârude not racistâ: chief  #crime #officerâ¦ 
445,0,@user @user @user @user   saturday  friends
446,0,yayyyy my friend got married today ð°ð°ð°ð«ð« congratulations guys. â¤ï¸â¤ï¸  #shegotmarried  â¦ 
447,0,#model   i love u take with u all the time in urð±!!! ððððð¦ð¦ð¦  
448,0,"if lewis remains perfect, the rangers announcers are gonna stroke out.  "
449,0,chris is so   to be back to #soccer after missing most of #spring #season with a brokenâ¦ 
450,0,train tickets booked for my opera week in wales  
451,0,it's a beautiful day..... #sun   #fun #beachpark @ beach park 
452,0,the big screen is being fitted right now   #euros2016 
453,0,not all love stories are happy ending.  #anime #love #story #not   #ending #like4likeâ¦ 
454,0,#poet   bull up: you will dominate your bull and you will direct it whatever you want it to do. when you sta 
455,0,i am tranquil. #i_am #positive #affirmation     
456,0,@user is that the name of any upcoming new track? ðð   #2pm #kpop
457,0,best #essentialoils for #anxiety !!     #healthy   #peace !!  #altwaystoheal !! 
458,0,@user @user @user  wow some people's children have nothing better to do then insult people on twitter .  .
459,0,thinking maybe i should have bought @user instead of @user   #gettingold #becomingboring #notborderlands #goblizzard
460,0,the fact that @user album is an hour away from dripping has me losing my mind..   #fatkidinacandystore
461,0,ryderrideu - see you c2c and cum together: #snapshot #young #shy #kinky #wet #porn #hot   #xxx #horny #s... 
462,0,ð¸ð»ð¼ððº snapchat: gaby_china20  #love #girl #snapchat   #flowers #instasmile #instaloveâ¦ 
463,0,i am brilliant. #i_am #positive #affirmation     
464,0, @user true :/ niggas dont go looking for apaments they go look at shoes and jewelry  
465,0,safe ways to heal your #acne!!    #altwaystoheal #healthy   #healing!! 
466,0,#msgapparelstoday  @user  u r so special 4 us   father day
467,0,camping next weekend.   #lovecamping  #brownwood
468,0,i'm so   and #grateful now that - #affirmations 
469,0,my #forever bestie ð #karaoke #friends #friendship #love #nofilter #instacool #instagood  â¦ 
470,0,"@user absolutely love this place. fantastic welcome from carlos, receptionist. 5th time here. room request granted as usual. #318  "
471,0,headed to #thealter with my peculiar family!   
472,0, â #us retail sales control group likely rose 0.2% m/m in may â danske bank   #blog #silver #gold #forex
473,0,happy fathers day. you are love of my life &amp;the best father in the world. â¤ï¸ð @user #fathersday #love   
474,0, coolestlifehack: worlds smallest snake    #motivation
475,0,this is a shockingly   and increasingly #violent #world we live in and the #uk has gun control laws. i feel for the mp's family &amp; friends
476,0,  ? #funny ? or simply so #truestory :) 
477,0,happy bihday to me!... brithday day holidays  #monday #menmodelsâ¦ 
478,0,i am saddened that no-one has thought to groom her for the position before asking her opinion on such an issue.   
479,0,ukrainians athletes are not in grosseto for @user ... watching livestream without seeing them it's not the same...  
480,0,new season of oitnb stas tonight ðð¼   #oitnbseason4 ð¬ð¬
481,0, @user excited to be on the other side of the cuain for once tonight. looking forward to seeing @user on broadwayâ¦
482,0,when quay collab with @user says sold out!!!ð©ð«ð©ð«ð©ð«ð©ð«ð©ð«ð©ð«ð©   #noooo #whyyyy #loveyoudesi # 
483,0,i'm   to finally get my #jordans and i get #paid to #wear them too! #lowtopsâ¦ 
484,0,i am impressive. #i_am #positive #affirmation     
485,0,  father's day to all the fathers out there out there making it happen ...... #salute to y'all ..
486,0,our view from the 27th floor! :) #nyc #newyorkcity #myview   girl #wine #fridaynightâ¦ 
487,1,discussing republicans is the same thing as critiquing . we can't ignore the consequences.
488,0,got school tomorrow my last integration  
489,0,amen!! truth. always. &lt;3 &lt;3  #love     #blessed 
490,0,@user and the stamford kid got 6 months for rape.but that wasn't boredom...it was 20 minutes of action.   .
491,0,lets colorized your life w/ rainbow #danian #love #colour #rainbow   @ depok 
492,0,#aiel #aielmaharashtra rude customer care executive makes me want to switch my loyalty to another provider.   #irritated
493,0,hi teddy corpuz... #rocksteddy #band #enjoy #idol   #omg ððððððð 
494,0,"@user wow, what a great daughter you are! to send that to your father right before father's day. #cheapshot #lowblow   #shame"
495,0,6 reasons to be happyâ¦when your kid is mid-tantrum    #parenting #tantrum #toddler #calm #mindfulness   #strong
496,0,i am truthful. #i_am #positive #affirmation     
497,0,yup #siri on #macos #wwdc2016 - :) woot! next did they work on her listening skills?  
498,0,#diy done! #dresser #nicknacks #newelectricscrewdriver   @ brockely london 
499,1,are you #black &amp; feel like the  are stomping on you? â¦  #retweet #tampa #miamiâ¦ 
500,0," @user @user thats the problem, only one police officer. you need more, with bigger guns and perhaps one tank with soldiersâ¦"
501,0,  father's day to all friends#
502,0,"if you're not   with your #choices this fall, you can #always write a candidate in.. â¦  "
503,0,@user  #ë¤ì´ì_ê·¸ê¸¸ìì_ì¤í¸ë¦¬ë° #ê·¸ê¸¸ìì #ì°ìµì   ending 
504,0,get to know the team behind the #app that's keeping our tummies   in our #june #issue @user #bazaarmagâ¦ 
505,0,actually going fishing today somewhere nice âºï¸ð.  
506,0,"how cute, they both look like dolls. "
507,0,@user i did and im  
508,0,love this vacation ð   #enjoy #greece #crete #sabinedrift #chillinn #blondegirl #bluedressâ¦ 
509,0,@user unreal 3 advisors refuse to take my payment!?? and say wait for pcn is this customer service when ur site wasnt working??  
510,0,@user i'm #gameready for forza horizon on the pc! what a time we live in...  
511,0, @user life better in tahiti #summer #life #no_school #tahiti   #like
512,0,i know their males but i thought they had a vagina like in video games xd #stupidthoughts #quote   #lmao
513,0,pa of the pack was taken and brainwashed by cheetahs   #downasquadmember #treeouts
514,0, â #japan domestic corporate goods price index (yoy) in line with expectations (-4.2%) in may   #blog #silver â¦
515,0,"remember the day when people on #bbuk went on to become reality tv stars, no it seems reality tv stars become big brother contestants.  "
516,1,@user #allahsoil the more familiar we become the more difficult it is to stereotype. . â¦ â¦â¦ 
517,0," @user #good #morning ! if you want to live a   life, tie it to a goal, not to people or things. "
518,0, @user friday &lt;3 #fridayfeeling   #relax @user  #bristol 
519,0,  days porn movie pussy pay pics  
520,0,it looked easy till my turn  #rap #hiphop #rock #funny #comedy #pop   #kanyewest 
521,0,banner #merry #christmas and   #new #year  #freepik #ad #decoration newyear
522,0,@user @user yay! thanks for letting me know. my pa will be a very happy man! :-)  
523,0,in my exam room ð­ð­ð­ #testing #tired #annoyed #why  
524,0,best homeopathic remedies for #anxiety  -    #altwaystoheal   #healing #peace !! 
525,0,rest in peace christina.     
526,0,"those bamas you fool around with might be raising your child. ppl dont think that far in advance. they just see ""fun"" or whatever  "
527,1,anti racist is a codeword for antiwhite   asia for the asians  africa for the africans  white countries for everyonâ¦ 
528,0,.@user on #periscope: my first god baby graduated from high school!!! #collegebound   
529,0,nearly there folks   #nervous #curious just finalised my stuff with a few pointers from grainne #bringiton 
530,0,fellowship. ð #lifegroup  
531,0,i just caught myself eating chocolate sliced bread beside the ref realizing i still didn't eat my dinner.  
532,1,@user you #praised #cleveland police during #rnc the police are under a consent decree! 75% are #white  #tamirrice #rip
533,0,best #lawofattraction #resources for #healing!    #altwaystoheal #healthy is  ! #idwp ! 
534,0,everything you need for #surfday.  #fathersday to all the #dads out there from #novyspos.#novytowel#surfgear 
535,0,@user 100% agree  
536,0, @user our next show is monday at the fiddler's elbow in camden. it's looking like it's going to be a huge night!   htâ¦
537,0,@user no swimming signs everywhere. parent's weren't watching a 2 year old.  
538,0,mitchellrattle mitchell goodson 
539,0, @user getting ready for saturday's jeep run with nbjc!    3 days until #showyourjeepday  #jeepmafia #jeeplife #jeep httâ¦
540,0,"@user attempt at czech fury, only for croatia to score their second.   "
541,0,the latest dairy k.s!  thanks to @user @user @user #ä½éåæ¥  
542,0, @user yep - grateful for everyday :)))) #gratitude  #laurasworld   
543,0,i've had the ebook for awhile but it's so nice to have the hard copy!!!   
544,0,nba finals. game 7. what more could a basketball fan ask for?!   #nbafinals
545,1,@user that doesn't prevent you from being a  and a #bigot
546,0,"dear #uot, despite our attempts to #savecharity, i regret to announce that we've lost her!   #tragic #rip angelic friend. we will miss u!"
547,0,  #space place  color #blue #fabricsourcing  or #finished #pillow #cushions  use usâ¦ 
548,0,perfect moment of the day!!!   
549,0,"waited for @user for an hour to come out just for an autograph, finally walk away...he comes out. of course! disappointing!  "
550,0,  #fathersday!  gift your #dad a secured #financial #future! #save #insure #invest!   
551,1, girls in the world sexy mature housewife 
552,0,time to get happy! it's saturday ð    #saturday #weekend 
553,0,"to my 3 awesome dads.. my almighty father (my lord) my darling dad (rip, sweethea) my husband (my babies daddy/1st son)   #fathersday"
554,0,owens football tornament #football  
555,0,come on #ee piss poor reception today Â£20 a month and struggle to get a signal in #buxton put more masts up or i'm switching   #grumpy
556,0,excited na me ðð 
557,0," @user let #troopingthecolour begin, we are very  .  bihdayyourmajesty #thequeenat90  htâ¦"
558,0,#work #fusiona wolves in last stage #development   #chase @user @user now 
559,1,@user i don't like the #blacklivesmatter slogan.  talk about being .
560,0,r.i.p little bear bear... #hamster #rip #imissyou   
561,0,give me a hug #love my cats  moment ð 
562,0,"your lips like fire, my blood like gasoline ð¥ð  #love #boyfriend #smile   "
563,0,here. we. go. let's do this people! #icrs2016  
564,0,life isn't a race: allow yourself to be   in the present  @user #fun
565,0,dental  testimonials from our #lichfield clients -    
566,0,thank youðsoo muchð pretty @user i feel soo blessed &amp; lucky!!plz do keep showering ur lyks on með#surprised   #2likes #unexpected
567,0,"@user @user @user nice 2c susanna smiling 2day,who needs false promises of flying dragons when she's got ben  "
568,0,@user 1d not back yet  
569,0,"i got the call yesterday.  mom was diagnosed with stage 3 ovarian cancer.  i'm terrified, she's terrified.  just don't know what to do.  "
570,1,@user #feminismiscancer #feminismisterrorism #feminismmuktbharat why  #malevote is ignored  @user
571,0,@user @user @user is on the other side of history and our allies on this issue.  #embarrassing  
572,1,fox new just coming out and saying it bluntly. one of the most  things i've read. 
573,0,good morning all !  #internationaldayofyoga2016 #yogalove #yoga   #relax #healthy #positiveâ¦ 
574,0,@user monkeys are also declared as vermin. no protest from bajrang dal?   @user @user
575,0, @user new plants from @user are here and ready for the garden at gardening know how!    
576,0, @user coldplay last night with my fave ð«ðð»ð #coldplay #conce #hampden #fave #couple #cute  â¦ 
577,0,use the power of your mind to #heal your body!! -     #altwaystoheal #healthy   #peace! 
578,0,  #flagday!   here's mine in this gorgeous #texas sky!  #householdname #takingoverâ¦ 
579,0,aww yeah it's all good bing bong bing bong   
580,1,"@user yes lets do this,suppoing a openly ,#prowar #anti #islamic,#homophobic,#rapist,who advocates more of same,#hypocrite"
581,0," , #cat, #furry, #persiancat | #4798 | pixion - wallpapers, images, a "
582,0,good moooooorning #tgif ð  #kiss #kisses #friday #fridayfun   
583,0, @user enjoy everything already given to you rather than always needing more. #blessed   #thankful 
584,0,#euro2016 match schedule design - france vs romania  ! ð  all feedback is appreciated! 
585,0,for fathers day too should take your dad to @user for the 2 for $20 he will love it   
586,0,berlin before and after.  thank you so much @user - that was incredible. #theriveourberlin #theboss   
587,0,why listen incubus never hus! ðð #nowplaying #sick   #little #world - nissan #live #set de @user â« 
588,0,@user anderson cooper &amp; don lemon will not like gays being thrown off buildings by sharia. #2ndamendment  
589,0,bei is   on a field for dog-walking.  #dogs 
590,0,who would steal awork from @user #boohiss  
591,0,competing for a listing today!   #whenrealtorscompeteyouwin #callme #gotheextramileâ¦ 
592,0,@user great park but a totally disorganised one!!! #poaventura #whatajoke  
593,0,"i've got news for you, bernie wasn't winning dc even if the vote was held last month. #dcvotes "
594,0," â #eur/usd printing new monthly tops above 1.1400, draghi eyed   #blog #silver #gold #forex"
595,0,"our two presidential candidates, everybody. this is what we've devolved into. #elections2016 #america   #smh #usa "
596,0,poor pup. #animals #puppy #vine #magic   #subscribe #youtube (vine by @user 
597,0,rare pic of superstar @user with @user    bihday sivakoratala  :) 
598,0,@user and @user how is it 2016 and i am moving just outside of downtown gr mi and neither of you offer better than 6 mbps.  
599,0, @user wishing all the dadâs a happy fatherâs day! #dads #fathersday #2016 #intellicred   
600,0,met this girl 5 yrs ago online b-ng gay friend. y does she look like this when she didn't b4?  @user 
601,0,that face says it all!  #pwcproud  
602,0,| b u s y |    #love #instagood @user #tbt #cute #me #beautiful #followme  â¦ 
603,0,enjoy this weekend with your family at your home. happy weekend my dear friends :)   #weekend #family #home... 
604,0,another senseless tragedy.    #tragic #pulse #orlandostaystrong #thoughtsandprayersâ¦ 
605,0, @user loving #yrkkh frm the bottom of my hea frm the day it stared.. &amp; what do v get in return.. #uglyspat @user @user
606,0,captain felix at rutland water. the little boat behind is about to go on a very grand adventure....  
607,0,binge watching series 1 of #thekilling so as to completely avoid football.  
608,0,"to quote jeremy corbyn: ""here we, here we, here we fucking go!""   "
609,0,happyð #travel#time #instamood  #moments #love#mylife #russian#girl #model #4likeâ¦ 
610,1, porn vids wwwsmallgirlsexcom
611,0, @user #tuesday #jackie #quote #taketime to do what makes your #soul   #enjoylife #smile #believe #dream #havefun 
612,0,home sweet home is what i call #edinburgh since moving there years ago! #scotland #homesweethome   #family  
613,0,play england vs russia in marseille at 21:00??? what did they expect? high risk game and plenty of time to drink...  
614,0,aww yeah it's all good bing bong bing bong   
615,0,i am thankful for sweater weather. #thankful #positive     
616,0,haunting atmospherics #studiotime   
617,0,@user @user become a fan does not give the right to criticize the personal life of an idol.  
618,1,the latest obsidian radio daily!  thanks to @user @user @user  #latesnews
619,0,mind-blown; learning so much in this google forms workshop.   @user #cfisdrrr
620,0, @user so sexy #prettypussy #sexybbw #realmvp 
621,0," @user back to @user after a v traumatic few months. damage not as bad as thought, proof the plan works! onwards &amp; upwards ð #excitâ¦"
622,1,you might be a libtard if... #libtard  #sjw #liberal #politics 
623,1, just more overwhelming evidence that the company #trump keeps echoes his sentiments &amp; ideals #dumptrump 
624,0," @user most of y'all females beefed out over these community dick ass niggas ,   ð¯ð­"
625,0,people be like you already forgot so and so.... nah it's not that it's just new names are made a hashtag on a weekly basis  
626,0,how to be   ?!.i have the answer ðð
627,0,cherry color is symbol of warm and positive energy necklace price: 200 aed #stones #gift #amazing #beautiful   
628,0,i can't wait for the 2016/17 season to begin!   #lfc #ynwa #englishpremierleague 
629,0, @user happy father's day to all dads except #rogergoodell! #fathersday   #goodellsucksâ¦ 
630,0," â #orb independent brexit poll shows leave vote ahead, gbp/usd slumps   #blog #silver #gold #forex"
631,0, @user @user @user 25mm + 16mm = no washout no flooding good take and all set for another days golf   
632,0,@user ya ever since zayne left they've never been the same  
633,0,happy father's day â¼ï¸â¤ï¸  #loveyou #fathersday   #sunday #father #daddy dayâ¦ 
634,0,big shock on monday-needed to find new home. yeah! found my dream cottage on tuesday  
635,0,save thousands $$ free search x logins x brokers    #actor #seeklearning   #stafresh 
636,0,actually ordered a kylie lip kit  
637,0,i hope the family made arrangements to make sure that #bastard @user  canât get access.      
638,0,ð   #socialmedia us firm to build 6 nuclear reactors in india  
639,0,#smaphone   bull up: you will dominate your bull and you will direct it whatever you want it to do. when y 
640,0,#lifeisbeautiful #loveit #workhard #trainhard no matter where you go!   #blessed #fitlifeâ¦ 
641,0,oscar tabarez talks luis suarezâs angry reactionâ¦  #spos   #during #luis #oscar 
642,0,now playing on #njoyhit40 #1hitmusicstation us uk eur @user   join us on  #nice #nyc @user
643,0, @user only 2 weeks to go and i'm a #personaltrainer full time   i will have new slots available from 30 june - pls spread tâ¦
644,0,"a mother can take care of ten children's but sometime ten children cant take care of their mother ,,,    "
645,0,i am thankful for good nightsâ sleep. #thankful #positive     
646,0,"now playing  :  the bride - ""  nocturne"" on    #melancholy   #melancholymusic"
647,0,#tvk3fathersday   fathers day to all tatay daddy enjoy wathing tha voice kids
648,0,i am thankful for my friends. #thankful #positive     
649,0,i am thankful for mason jars. #thankful #positive     
650,1,"""nigger?"" #lifelessons of a white kid who grew up in the 60's. #blogpost  #whitepeople #respectâ¦ "
651,0,@user @user @user congrats!   for @user
652,0,via jts88: @user ó¾§ #love #sinkthepink #music #instagay #celebspot  ... 
653,0,@user ready for @user at #ccmf2016 !!   #mychurch #frontrow #upshow 
654,0,how utterly  :  people with incurable #stupidity in #africa albino killings in malawi spark education campaign 
655,0," â #gold off highs, back around $1,260   #blog #silver #gold #forex"
656,0,shocking events in orlando - now will the usa review their gun laws or do more innocents have to die first? #horrific #unforgiveable   :(
657,0,i am knowledgeable. #i_am #positive #affirmation     
658,0,with le sister! #instatraveling #instamoment #igdaily #instagramhub #instagood #instalike   
659,0,..feeling so #lonely..and  ..
660,0,"#girliguessimwithher tag is the saddest representation of how people feel they are now forced to vote for ""her""   "
661,0,the h factor! does your #mobile app make the user  ? want more factors? click to download aricent #whitepaper 
662,0,@user meanwhile google violates free-speech at will  
663,0,happy at work conference: right /mindset leads to culture-of-development organizations    #work #mindset
664,0, @user #rochester   attack bull chase: when you leave the lot despite the fact that you're a strong source of f 
665,0,i'm in the @user competition!!! ððµðð¤ðð¾âð¾ï¸  
666,0,#tattoosleeves   gorilla simulator: you need to do to adapt to the environment. the need to tear the city. m 
667,0,ima go cry for a few hours brb  
668,0,i #tell my sorrow to the #river so that the river taught me how to flow without the #complain -sepatu dahlan-   #philosophy #proverb
669,0,i am thankful for memories. #thankful #positive     
670,0,@user you surely are a nasty piece of work! lmao.  
671,0,today is a perfect day to be  ! #happiness #lifecoach #reinventimpossible 
672,0,  after sex over 40 sex nake women  
673,0,i am thankful for cocktails. #thankful #positive     
674,0,dont wait #outside #thepeel 4 #work #homophobic #taxi #driver #guys #kiss there #gay #melbourne #13cabs     
675,0,@user guess no one wanted to let the residents of spring street know they wouldn't be able to leave for a few hours today.  
676,0,great morning deborahð»ð».@user #smiles and #kindness ð  day!ðð
677,0,_  #windows10 split screen #browser! #customcasetab     #noedit  712
678,0, @user people use tragedy like this to fuel their hate agenda towards entire groups of people and that's the opposite of helpfulâ¦
679,0,taeyeon unnie is on fire! ð btw i really hope that her album cover is not yellow lol   #why 
680,0,john mica...how the hell are people like you elected @user @user #totalpolitician #outoftouch #disgraceful  ð
681,0,nothing makes dad happier than a tasty meal!   #fathersday 
682,0,the   #truth about #suicide rates in young #blackboys 
683,0,happy sunday #homesweethome #amazing #love #istanbul #girl #beautiful   #instalike #meâ¦ 
684,0,oh she blocked me.   at least i have love island to look forward to on sunday :)
685,0,"now playing  :  suzanne ciani - "" 4 o'clock in the morning"" on     music song "
686,0,swing ðâ¤ï¸ð¶ #swing #mybabygirl #baby #littlegirl #park #love #cute   
687,0,help! bubble attack! #winter #bathtime   #cozy 
688,0,i am moving. #i_am #positive #affirmation     
689,0,"the thing is, no matter how many laws and regulations there are with guns, people will still find a way to get their hands on them.  "
690,0, @user   #sunflowers - #nature #garden #photograpy quality prints &amp; cards at: 
691,0,@user didnt stay for long had an emergency at home  my daughter was not well soo i had to rush home and i missed ur set  
692,0, @user great insights on trusted professions in emea at #growth #hacking #conference at #growthwithhubspot.  
693,1,"carolyn cooper | ugly, poor, ignorant and black!  "
694,0,franklin is a   #dog in the #sunshine #dogsoftwitter 
695,0,"perfect day= buy real furniture, hiking, @user for dinner, @user for desse!ððð #sleepnumber #bonustolongrest #dnd  "
696,0,happy face lovely smile @user #satisfying #hair #workit #smile   #faceâ¦ 
697,0,ððð love you. ððð . #sunday #weekend #selfie #longhair #girl #selfporait   #loveâ¦ 
698,0,#nature_perfection   bull hill climb: you have to reach the target to complete the task to survive. with str 
699,0,#model   i love u take with u all the time in urð±!!! ððððð¦ð¦ð¦  
700,0,orlando gay men angry they can&amp;#039;t donate blood after massacre -    
701,0," @user  golinglobal "" golinuntern: fresh air, trail running, and a   soul. keeping the #golinuntern life balanceâ¦ "
702,0," @user @user monroe&amp;nick best friends, &amp; rosalee&amp;addie and now kelly&amp;babymonrosale #grimm   families #nadalind"
703,0,"@user or lying hillary would call it a ""security inquiry"" liberals are like minded if one eats shit then all of them eat shit.  "
704,0,you know what i find incredibly #disrespectful!?  taking a personal call during a meeting.    #frustrated ð  
705,0,date night #friday #pub   #ilovehim #instagay #beer @ billy's on burnet 
706,0,i wish @user would make their phones so the damn screens don't shatter they cost an arm and a leg and still gotta pay to fix em  
707,0,"this is so hea wrenching! what would be the state of the mother, when she knows her son is about to die :(    "
708,0, @user how times fly! less than a week to go until the brilliant @user leads our summer conference   
709,0,fruit time   #fruit #desse #instamoment #photooftheday #yvr #sweet #vancitybuzzâ¦ 
710,0, so sad ones  &gt;&gt;&gt; 
711,0,sirf ashiq log follow karen #iqbal #galib #wasi #faraz #mohsin ki full   poetry + #no add + follow @user
712,0, @user 28 minutes to go #armaanamaalontkss @user @user @user  
713,0,thank god for the #royals of 2015 because without it kansas city is right down there with #cleveland  #disgraced  
714,0,will get to see my favorite person tmrrw    
715,0,"#latina   buffalo simulation: buffalo for you to take in the vicinity of their homes to do. in this way, you "
716,0,what a world we live in.. #orlando  
717,0, @user now the vacation has begun...   #triathlete #triathlon #coach #vacation #fearless #rulâ¦  httâ¦
718,0,@user a bit of heabreak too! #reflective  
719,0, @user peaceful way to sta the morning before the daily chaos beginsð #gratitude   
720,0,hardcore girls videos   birday sex xxx   
721,0,#takalot book order arrives in time for a long weekend away in the bush.   #bengreenfield 
722,0,#saysomething   bull up: you will dominate your bull and you will direct it whatever you want it to do. when 
723,0,steph. san kana?? your 3's are badly needed. please ððð 
724,0, @user another hands &amp; feet complete!! berachah you are the best !!  &amp;tired 
725,0,@user on my way over ctf to have a book talk with the inmates paicipating in the @user book club program #slugg  
726,0,ready for thisâ #awesome #beat #cool #dj #dance #edm #house #goodmusic   #madnessâ¦ 
727,0, â #jpy: negative external environment remains suppoive â mufg   #blog #silver #gold #forex
728,0,$24.99-mkf collection jasmine and moira crossbody bags    wednesday
729,0,currently out to eat at #steakandshake and i've been here for 20 minutes and not gotten the shake i ordered #not  .
730,0,gray is a very sad color it makes me feel   #grayneedstogo
731,0,difficult roads often lead to beautiful destinations. anon #leadership #inspiration  #quote #inspirational  
732,0," â #usd long positions added, eur shos increased - anz   #blog #silver #gold #forex"
733,0,it's #r1rockalldayer on @user for me it's @user day!   #noise
734,1,"@user no, he was definitely a  mexican. #fakenewsale"
735,0,@user when is the new album being released about @user and your break up?   #loveherbreakups #hotgoss
736,1,standing up to racism and hate by americad not curse out congress and all haters  who are deplorable  #hateâ¦ 
737,0,"you are my â#sunshine, my only â#sunshine. you make me ð  when skies are âgray. "
738,0,"something i wanted to say, something that makes me happy . #gaming #gamer #xboxone #playstation @user #e32016   "
739,0,the football is actually the only thing on at mo that's watchable!! #bringbackgladiators!
740,0,happy hump day ððð #humpday   #life #lifestyle #wednesday #midweek #snapchat #walrus #funnyâ¦ 
741,0,let me just say .. i love being me  
742,0,"don't worry, be happy  via @user #archiveday #weekendblogshare #happiness   #quotes #tshis"
743,0,because great things never came from comfo zones... #goodtogreat #inspireme #love   
744,0,happy puppy ð¶ð #london   #puppy #thursdaymotivation 
745,0,i don't know where you're going but do you have a room for one more troubled soul? #a #drawing #blackandwhite   
746,0,we recommend these dark &amp;   #romances:  | #horror #moviegenres #ambiance
747,1,"@user #trump used #hate,  and #putin to win the white house #trump presses attack on khan family and g.o.p. leaders "
748,0,one of my bucket list items ticked tonight i finally saw ice cube live tonight ð  ! #wildlifefestival  'today was a good day' ð
749,0,my friends magical potion... #ewabeach #magicalhappydrinks   @ ewa beach house 
750,1,everytime i wear soccer shis joie fries me and says i look mexican as fuck ð 
751,0,it's been a weird few months but finally feeling more positive about life lately   #pleasedontchange ð
752,0,checked in #holiday     #croatia #13daystogo
753,0,@user   night a sweet dreams..
754,0,nyc in seven days ð½ #newyork #newyorkcity #travel #bigapple   
755,0,life is what you make it. letâs make it  ! #motivation 
756,0,#fashionblog   rooster simulation: i want to climb the vast expanse of mountains. it reached the leakage coc 
757,0,in the best mood ever!!!   #becauseofhim #inlove 
758,0,be happy don't worry! ð   #smile #love #iminlove #iam #im #in #nice #day 
759,0, @user #monaco#resto#chezedgard#grandprixf1# #essais#sun#lewissuppo#ðð# @user #amour #love   â¤ï¸ 
760,0,just bought: 'launch: using design thinking...by @user &amp; @user via @user -   #toread #letsmake 
761,0,#sukhbir #badal announces more office-bearers of   #eastcoast zone #canada  
762,0,so mad that i chose dj snake over zedd at edc  
763,0,mango wood lett... gbp 19.99 get here:  #shop #cool   #home #fun 
764,1,the danger of white liberalism to oveurning  (applies to liberal men and feminism too)  
765,0, @user @user @user truly truly pathetic in so many ways @user @user @user nothing learned from the coverinâ¦
766,0,monday mornings working by the lake #scottieandrussell #work #love   #picofthedayâ¦ 
767,0,i'm loving this rain! hope it hangs around a while ð #rain #water #tbt #me #weather #bribieisland   
768,0,"@user you have chosen the wrong horse and unless you change your mind soon, it will be the end of your political career.  "
769,0, @user weddings are impoant because they celebrate life and possibility. âanne hathaway #wedding   #love 
770,0,"#icymi: shooting at orlando nightclub kills about 20, police say  #debeloping   #guns "
771,0,@user @user snatched some of these this past week!   #schoolsupplies
772,1,great aicle. right on the money! #starspangledbanner #slavery #apaheid  #usa 
773,0,babies was born. welcome to new world cats! #babiescat #cat #newborn #congratulations  â¦ 
774,0,ðð»#pretending#to#be #when #you're#in#pain#is#just#an#example #of#how#strong#you#are#as#a #personðð» ððªð»ðªð»ðªð» #nightyð´
775,0, @user @user @user @user @user   evening my dear cutysððððððððððððððððððððððð 
776,0,@user @user its all about me mentality of our culture   #mentalhealth
777,0, @user wishing all of us a very   #weekend ðð 
778,0,i am thankful for freezers. #thankful #positive     
779,0," @user ready for &lt;a&gt; full day of &lt;html&gt;, from @user to @user   #cssday"
780,0,bihday cake i made for my mom!   #bihday #mom #fondant #pumpkin #chocolate #delicious #beautiful #amazing 
781,1,@user thank you!! the power of #social #media!   @user #aande 
782,0, @user this made me smileâºï¸ð #bigbang   #babies   cto 
783,0,sending good vibes your way! happy friday! #tgifriday #goodvibesonly #becauseimhappy   #smilemore 
784,0,#letsgo #agents #tooeasy 10 more days till #dlc i know i'm   . #gamingforeveryone 
785,0,holy city#tissues !
786,0,@user how old is your mom  bihday ð
787,0, @user what did you decide?   #fowoh #goldenretriever #lcck9comfodog #workingdog 
788,0,@user gets him angry.  a muslim assassinating 50 not so much.    
789,0,ð«we out hereeeee ð¥ððð»ð¶ @user ericprydz #edc #music #musiclife #edm #dance   #girlsâ¦ 
790,0,"#funny thing about #humankind... we watch the #news, feel   #bad etc then back to ""open for business as usual! not #good re the #future!"
791,1,@user and you keep telling that only aryans are allowed to rape women! you're just a  troll! #eod @user @user
792,0, @user speechless when it comes to all the shootings recently. i guess people have nothing to lose and don't have any respectâ¦
793,0," @user as forecasted, the beautiful waves of raalhugandu has disappeared due to construction of the bridge.&amp; theres no hope of it comâ¦"
794,1,@user any minute #trump will condemn the  #vile #bigoted comments of #his #surrogate #carlpaladino #endhateâ¦ 
795,0,#wishing all wonderful #dads a   #father's #day..let's #rock today at red rascalsâ¦ 
796,1,@user #allahsoil vps got multi-million dollar bonuses while average americans lost their homes.  â¦â¦ 
797,0,i love #abrahamhicks and #lawofattraction !!   #healthy #healing   #joytrain !!    
798,0,#model   i love u take with u all the time in urð±!!! ððððð¦ð¦ð¦  
799,0,signed up for my first bikram yoga classâºï¸  
800,0,think   thoughts and they will shine from your face like sun beams. quote #smile 
801,0,"if you want creative workers, give them enough time to play.   #success #quote  "
802,0,"my hea prayers are with the orlando victims, their families and the lgbt community.  "
803,1,25 jan. interested in how #discrimination and  has affected the criminal justice system? 
804,0,friends forever ðð #friends#sweden#reunion #grateful#love @ egna hem 
805,1,keep up the opposition to  @user #endthenation
806,0,ððð love pizzaâ¤ï¸ #pizzaslice#pizzaslice2#aoyama#pizza#yummy#delicias #goodtimeswithgoâ¦  
807,0,my two loves #beer #craftbeee #dog #malinoislovers #malinois #passion   #friend 
808,0,i am abundant. #i_am #positive #affirmation     
809,0," fathersday  #fatherÃ¢ÂÂs #day, #dad #| #skinny #and #single buy things about ""hâ¦  "
810,0,@user rickity..rick.. rickity...rick.. as the same ole broken down wagon is  looking to find the next mateen to jump on board.  
811,0,"love this city, great day in #cleveland! #home   #calm â¤ï¸ "
812,1,"i guess @user is talking about progress in the advancement of , #misogyny, #homophobia, #bigotry"
813,0,"teen girl killed, 3 others injured in downtown oakland shooting. #guns #mentalillness #gangs ð¨ð¦ð¨ð¦ð¨ð¦ is   #orlando "
814,0,"""to everyone going through any struggle or pain right now, keep your head up, and keep on smiling, you'll get through it."" i hope so  "
815,0,good evening my darling instagram babies.   #blessed #lipstick #makeup #fun #grateful #share 
816,1,"@user jake is right, 2 many ppl lack the will power to take a stand &amp; drown the small minded &amp; oft evil tendencies of past "
817,0,i really hate hipocrit politicians which is just about all on all sides... we deserve better as citizens. ..  
818,0," @user .@user @user where is environmental wellbeing?  the ""plan"" is only about sites - nothng todo  with wâ¦"
819,0,  bihday sway  bihday sway bihdayéæ¿æå¹³  bihdayéæ¿æå¹³ 
820,0,"  #saturday #morning, now go back to sleep. #thetrust #comusic #indie â«  faded away -  johnmaun. listen @user "
821,0,i was founate to have this man in my life every single day.   #father #day to all. 
822,0,@user @user gutted didn't know that you were here tonight i would have been there #good luck  
823,0,"beginning to think @user is a tom brady hater, the way he goes on about the man!  "
824,0,"the attack in #orlando has caused a lot of pain to many people. #vengeance is not an option. we are all very  , lets comfo each other"
825,0,cuteness overloaded ð let your life fills with love and sweetness ðð #live_long   married life 
826,0,heading to #graduation @user   #mechtechplumbing #futureplumber #proudmama ð 
827,1,"@user .@user is it possible for you to speak in any topic without bringing race into it, you bigot? @user  â¦"
828,0,#model   i love u take with u all the time in urð±!!! ððððð¦ð¦ð¦  
829,0,"ours, too. so much terribly   news over the weekend! #orlando #christinagrimmie #prayers  "
830,0,do more of what makes you  .  #innovative_nous
831,0,[1465876849.66] update @  #social #analytics #instalike #tbt #yoga   #summer #fun 
832,1,#rushlimbaugh does his incredibly  obama impression.  via @user
833,0,"@user @user we, the people, are failing our fellow citizens.       "
834,0,staing to pack for my move! ðð½ð¡ð   #newflat
835,0,"he is my first love. i may not be his, but he makes me feel like i am. #love #cheese #shotermlongdistance  "
836,0,@user just youtu bed them two and they don't get on now   #friendship
837,0,"if you want to be  , be kind to the #poor; it is a #sin to despise anyone.  #jesus #faith #believe #wisdom"
838,0,have a nice life. i'm done trying to be in it.   #lovequotes
839,0,the latest positivementalattitude!  thanks to @user @user @user #positive  
840,0,you want to spark a serious debate about gun violence release the photos of the bodies inside the club. #orlandoshooting #gunviolence  
841,0,just arrived in blagoevgrad fo #zaz conce feeling   under the #umbrelas 
842,0,.@user a number of our leaders are coming  
843,0,so   to see @user at #tcashowroom yesterday ðð 
844,0,@user isn't mean to me so that means he doesn't like me ð  
845,0,great way to spend a saturday ð #relaxation #positivevibes #california   #cakesbytheocean 
846,0, â #eur/usd could test 1.16 near-term â westpac   #blog #silver #gold #forex
847,0,he has no money. campaign asking for $100k donations by midnight to fight hrc's ad buy.   #brokedonald #lyindon 
848,0,today calls for champagne ð¾ð¾ð¾ #friday #fridayfeeling #friyay #goodweek   #clients #hairâ¦ 
849,0,@user @user @user rightly so! gop hates trump more than obama  
850,0,@user @user @user @user @user @user @user @user   sunday hugs
851,0,just the 2 of usâ£â£â£â£â£â£â£ #me #selfie #myfriend #loveher #giannena   #smile #thecomeback 
852,0,"in that moment, she decided she needed more. a switch to control life's response. default.   "
853,0,"now playing  :  yiruma - "" kiss the rain"" on     music song "
854,0,"so simple, but so true. becoming all we are capable of being!    #burnsurvivor #dolbf #motivation #motivate "
855,0,back...who missed me?....#greatfultogod #beendoinggreat    #selfie 
856,0,"do not! i repeat, do not put a dog in a hot car and leave them there in the heat! keep them home! for fucks sake!   #dogs"
857,0,"what a splendid #nosie,   me, probably not this #year #wrc #rallypoland @user @user "
858,0,2 hours to go until our music video is released! #music   #edinburgh #scotland #band @user #musicvideo #a @user
859,0,@user he is confirmed dead...according to farrah gray   #pulseshooting
860,0,look at journeys left and right foot stage ð¥ð¥ð¥ð¥ð¥  !!!!!! 
861,1,black professor makes assumptions about an entire race whilst speaking for entire race. next week the jews!â¦ 
862,0,"back to music""now playing michael jackson(the lost children)   unificationsday""and may god all the children &amp; their families#33!smile"
863,0,#drakeandjosh   buffalo simulation: buffalo for you to take in the vicinity of their homes to do. in this wa 
864,1,#trumpusa when they call us   #homophobic #misogynist they are really saying they are jealous of us wâ¦ 
865,0,@user i think you should suspend indefininetly that racist staff 
866,0,*she sat alone and let out a sad sigh* #openrp   #bored
867,0,good morning #manchester a quick preview of a new #gin that we'll be launching very soon!   about this one! 
868,0,"tried on the new @user #trailn2v3 today! although they feel very similar to v2's, the v3's are smoother and feel great!  "
869,0,kiki felt ignored today @user make kiki dance again #kikidance #miabbook    
870,0, @user the source of #inspiration my ideal #my #lyf my #baba ....  fathers days!!!
871,0, @user congrats to the thomas on your new #beautiful home in tehaleh! welcome to the lennar family!   #homeowner 
872,0,i miss the days when my friends played xbox :(  
873,0,new case and scraggly hair.  ! 
874,0,@user loving our dincwear! mum's da word @user for straight up '16 on saturday   #brickingit
875,0,  bihday sexy girl girls on top of boys naked  
876,0,"@user he's the only one where the majority of fans like him, salty gsw fans just needed someone to be   about"
877,0,@user changing on a daily basis!-14weeks until handover!!   @user network team in soon then av! 
878,0,@user when is this coming to singapore!  
879,0,sma baby socks gbp 19.00 get here:  #shop #cool   #home #fun 
880,1,i liked a @user video from @user  #sjw retard wants more !
881,0, @user so woh the wait! @user #doubledown my wife @user is   @user #veganbeerfest #vegan 
882,0,@user lmfao deadass?? ð¹  
883,0,what an amazing interview.   #bjmckenzie #born2win #bjmuzic 
884,0,boasty tuesday last night boom boom and harry hype say get   
885,0,"  bihday balayya even at that age mass look,craze in fans,on screen romance..he is a legend #jaibalayya"
886,0,woohoo   #kingslanding #highlandreserve #house #family #building #ourhomeâ¦ 
887,0,outlining my themes for my would-be poems haha  
888,0,"#decors   buffalo simulation: buffalo for you to take in the vicinity of their homes to do. in this way, you "
889,0,sold! one of two paintings that are going to get a beautiful new home this week.   #soldâ¦ 
890,1,@user msg of #hope for #newyear: a business to end . #endof2016 #tedtalks #tedatibm @user  @user
891,0,:( why does @user slag off children? i love your show but......really?  @user  
892,0,safe to say i'm missing #marbs sitting at home on your own watching #euro2016 listening to the rain is #depressing #bringbackhappiness  
893,0,they have been brainwashed by the left who is allowing these terrorist to come into america to kill them. 
894,0,gd morning ðððð #gdragon #gd #kwonjiyong #jiyong #vip #bigbang #handsome #cute   #loveâ¦ 
895,0,  friendszxc ð ððð 
896,0,4 more days till vacation!   ðâ¤ï¸ð
897,0,  the secret of a happy marriage is all about finding other people less attractive: and those who repo... 
898,0,"python27 and concurrency are not best friends,   all the code i have 2 restructure to get concurrency with celery #developers #python"
899,0,#womenareamazing we think so! #induoevents - - - -  #superwomen #follow #dowhatyoulove  â¦ 
900,0,hairy pussy redtube   hardcore tracks  
901,0,let the season 4 binge begin ðð» #oitnb #myfavorite #season4   #weekendplans 
902,0,rest in peace ð #christinagrimmie   #loss #rip #missed #fan #foreverinourheas 
903,0,"""a picture is woh a thousand words."" #sundayrewind #hongkong #travel   #lady #lawyerâ¦ "
904,0,relax !!! ð¤ð¤ð¤ #ingers #followme #follow #follow4follow #beach #pool   #relax #enjoy #coupleâ¦ 
905,0, @user countdown has begun#family#freeevent#festival# enteainment #food#stalls 
906,0, #awesome beginner #gopro #mounts super   to use!!! 
907,0,"dear istore  , please don't crash down due to heavy overload on 17-19 #booktime #muchlove     â¤â¤â¤"
908,0,"never underestimate the power of a good book, good wine, good food, and a great patio.   #summerevening #patioweather"
909,0,istg this is the best cheese ta but dayum expensive 
910,0,my morning (office) routine will never be the same without my bff   #imy  
911,0,#model   i love u take with u all the time in urð±!!! ððððð¦ð¦ð¦  
912,0,#theshallows weak attempt to cash in on the jaws anniversary  
913,1,@user non stop election  i blame #cspan for hiding  for 8 years 2016 pittsburgh california 
914,0,"weâre extremely   to reveal the first #official #poster for #poalorigins [pa 2], coming this #summer. moâ¦ "
915,0,16 minutes and counting.... #wwdc #wwdc2016  
916,0,"@user @user he ""has to play ball"" now! the   state of our politics! it's now all a facade, as we've lost principality!"
917,1,#people aren't protesting #trump because a #republican won-they do so because trump has fuhered  &amp;â¦ 
918,0,it's a great day to just be nothing but happyððð  #blessed#thankful
919,0,have a happy sunday everyone!!!âï¸ðâð   #sundaymorning #sunday #peace #love
920,0,i always help others. never myself. because other people matter and i clearly don't.   #quotes #latenights 
921,0,  ! my bihday weekend ! even better ! xx 
922,0,stay strong ð #selflove #love #iloveme #quote #quotes #quoteoftheday   #happiness #life #wisdom #wordsofwisdom 
923,0,happy father's day..   #boys #father #sweet #love #memory @user 
924,0,aww yeah it's all good bing bong bing bong   
925,0,#life is most #impoant for #human #spirit #truth #love #give b   #spirituality #thinkbigsundaywithmarshaððð 
926,0,"to the father of my babies, i love u. happiest of father's days!    #father via  "
927,0, @user current mood:   about @user 's web developer meet &amp; hire on 6/22.  
928,0,you know you're getting old when you sta to get 'turned on' looking at poweools in b&amp;q  
929,0,re: 50 projects 2016---busy hands are happy hands!   
930,0, @user bride: a woman with a fine prospect of happiness behind her. âambrose bierce #wedding   #love 
931,0,   #friday  xoxosamantha  via  
932,0,@user stop robbing innocent customers of their hard earned aiime which you guys have no idea on how dey managed to recharge... 
933,0,grab your bestie &amp; swing by for  hour ~ we've missed you.   #fun  #eatâ¦ 
934,1, is not an #opinion. racism is #degrading people based on race to justify #discrimination or open #violence against them. #stopracism
935,0,finally moving today ð­ðð½ 
936,0, @user @user and @user i'm on my way..... can we say     #blogger #vloggerâ¦ 
937,0,@user @user yay! fantastic   for #edinburgh
938,0,lemme find out i have to put on my boiler in the month of june.  
939,0,my hea goes out to the families of those 50 people killed in the massacre in orlando.    
940,0,pre @user gig drinks! ð  #passthecourvoisier ð¸@user 
941,0,so we rescued a pup... meet rexy ð¶â¡ #rescuepup #rexy #pupsofsg #suicidegirls #beautiful #puppylove   
942,0,these videos will get you excited for the futureâ¦  #tech #augmented   #future #mobile 
943,0, @user congrats ð ur wish come true working with @user ð superxcited for the songs ððâ¤ð  
944,0,we wish it were!   
945,0,âï¸#hellosunday i hope you all have a #beautiful   #sunday :) #sundayfunday sunnday!!ð 
946,0,i once did that gif..did't listen to this song since ages..  
947,0," â #nzd/usd rises to 0.7040, eyeing gdt price index and fomc statement   #blog #silver #gold #forex"
948,0,how true! home-food is considered a cheap-meal. impressions are made at restaurants!!!   
949,0,happy bihday to one of the west's greatest!!  tupac shakur ðð¤   #bihday #rip #tupacâ¦ 
950,0, @user live your life....  
951,0,29hrs to goð #fl #motionposter to be revealed #mupparimanam feeling   #nervous ððð»ð stay tuned 
952,0,@user i had a little taste it was   for sure! 
953,0,appletstag #compleanno #toa #cake #family  bday #selfie #me #smile #girl  #summerâ¦ 
954,0,"#anime  #anime-a  -tree-friends #tags: #anime, #fana, pixiv, happy tree ... "
955,0, @user happy 2nd wedding anniversary to my amazing husband @user ð¾ððð°ð¼ð© #memories #2years #lotstocome   #love 
956,0,"after a slow sta, i had a productive day! getting back into a routine after a bout of fatigue and flareup is hard! #spoonieproblems  "
957,0,"i love ramdan and fasting,i love the iftar's feeling and i love the way i feel during ramadan with praying and reading quran #blessed"
958,0, â #eur/gbp subdued trading action around 0.7930   #blog #silver #gold #forex
959,0,  ð with @user #ngitingtagumpay 
960,0,it's an unusual cloudy day. election day and picnic with friends!   sunday to everyone! ó¾ó¾ #welcomeludovica... 
961,0,#cloudchaser   gorilla simulator: you need to do to adapt to the environment. the need to tear the city. mat 
962,0,christ is alive in you. #vlicobs #xoxo #love #grace   #amen #share #passion #church #lifeâ¦ 
963,0,"  wants leak of udta punjab probed, suspects 'political ... #jobs #jobsearch #: #chandigarh: makers of udt... "
964,0,yesterday @ ozen ð  #restaurant   #eatallyoucan 
965,0,i can already tell that next week's episode is gonna give me intense anxiety!!!! #nervous    #gameofthrones 
966,0,"you've got nothing to say, so you assume that?! ahahahahahah "
967,0,i'm just an ordinary girl #intruduceyourself  !ðð
968,0," @user may lights triumph over darkness. may this ramadan bring peace, harmony and joy.   #ramadan! #ramadankareem "
969,0,"@user @user any1 else notice most of the ""suppoers"" r pageant girls w.years to internalize a female oppressive system? "
970,0, @user 4 reasons that optimists rule the world    #success #growth #balance #optimism 
971,0,"i hate online applications because you don't even get your foot in the door before they tell you no, we don't need you.  "
972,0,i am thankful for flowers. #thankful #positive     
973,0,"to top off my crappy day w/me not signing papers for my house, @user pop up conce 4 blocks from work &amp; i didn't know. :(  "
974,0,beautiful (: i love living at the beach!!!! #beach #loveit   
975,0, @user omg bitch ðððð i knew you was gone do lil kim .. actually look like a music video  
976,0,#tgif   #ff to my #gamedev #indiedev #indiegamedev #squad! @user @user @user @user
977,0,@user @user @user  man i even have a bunch of coupons too..... 
978,0,way to sta the day #goodmorning   
979,0,"lking forward 2 our watering holes, watchtowers,  foresses.. @user @user @user   "
980,1,@user #allahsoil the next best seller book! #isis #islam #2016in4worlds #2016in4words #terrorists #gwot â¦ 
981,0,this a a fantastic rub for steak #yum #thespicesndteaexchange #dc   #healthyâ¦ 
982,0,  #followme touch my tits -  
983,0,feels like summer ð´ðð   #love #like #live #life #enjoy #healthy #sun #tan #bikini #summerâ¦ 
984,0,#teenageson reckons that he's gone 'beyond the call of duty' with my #fathersday prezzie    ð
985,1,"@user don't forget, @user - research shows that sexist men have psychological problems. #tuckercarlson "
986,0,nice! any specific pedagogical changes? ð¬ 
987,0,@user typical city fan  
988,1,"""no im not attracted to asian ppl bc im not asian""  what if i tell you no im not attracted to u bc im not (inse race here) hoe   "
989,0,@user awlrite  mol? jealous? better than being at cricket pitch all my life   #getalife
990,0,prayers go out to eddie and his family 
991,0,#nothappy   my carer is finishing in one week :*(
992,0,#closeencounters of the #fatkind #fatkid #dese #sick   #tired #maybemono 
993,0,#gymmorgon #gym #morning #strength   #energy #training @ wingym 
994,0,glad it all arrived safely @user ! 
995,1,who defines ?: historically #oppressed or historic #oppressors/#privileged
996,0,are you really   or just pretending to be?  #truthseekers #empowerment #selfimprovement #healing #ihearadio
997,0,i finally found a way how to delete old tweets! you might find it useful as well:    #deletetweets
998,0, @user what a #view #oregon   #poland #usa #unitedstates   #holiday #dj #producer #houseâ¦ 
999,0,"have you put in your #vote yet? if you havent, do it and #share so we can see what makes #you #smile. #poll   "
1000,0," @user next chapter in life stas soon, looking at a house today with my fiancÃ© â¤ï¸ðð ðð»   "
